Id,Prediction,Date,File,StartTime,ElapsedTime,BusyTime,Commands,editOrInsertPercentage,debugPercentage,navigationPercentage,focusPercentage,removePercentage,editPercentage,COMMAND_RATE,NAVIGATION_RATE,DEBUG_RATE,FOCUS_RATE,EDIT_RATE,REMOVE_RATE,INSERT_RATE,webLinkTimes,Web Page Visits
1,,Fri Sep 29 18:56:44 EDT 2023,Rooster.java,1696028204538,98447,0,(R)1(I)12(F)2(I)5,85.0,0.0,0.0,10.0,5.0,0.0,0.20408163265306123,0.0,0.0,0.02040816326530612,0.0,0.01020408163265306,0.17346938775510204,0.0,[]
,/modelData/A0UserStudy2010.arff,Fri Sep 29 18:56:44 EDT 2023,Rooster.java, 1696028204538
2,,Fri Sep 29 18:58:23 EDT 2023,Rooster.java,1696028303111,9120,9120,(I)4(R)3(I)3(R)1(I)9(F)2(I)3,76.0,0.0,0.0,8.0,16.0,0.0,2.7777777777777777,0.0,0.0,0.2222222222222222,0.0,0.4444444444444444,2.111111111111111,0.0,[]
3,,Fri Sep 29 18:58:32 EDT 2023,Rooster.java,1696028312393,4934,4934,(I)1(R)1(I)1(F)2(I)1(R)1(I)3(R)4(I)3(R)1(I)1(R)1(I)2(R)1(I)1,54.166666666666664,0.0,0.0,8.333333333333332,37.5,0.0,6.0,0.0,0.0,0.5,0.0,2.25,3.25,0.0,[]
4,,Fri Sep 29 18:58:39 EDT 2023,Rooster.java,1696028319613,24442,0,(R)2(I)23,92.0,0.0,0.0,0.0,8.0,0.0,1.0416666666666667,0.0,0.0,0.0,0.0,0.08333333333333333,0.9583333333333334,0.0,[]
5,,Fri Sep 29 18:59:04 EDT 2023,SoundListener.java,1696028344214,220429,0,(I)9(F)4(I)7,80.0,0.0,0.0,20.0,0.0,0.0,0.09090909090909091,0.0,0.0,0.01818181818181818,0.0,0.0,0.07272727272727272,5.0,[1696028396445 2 listener java - Google Search https://www.google.com/search?q=listener+java&oq=listener+java&gs_lcrp=EgZjaHJvbWUyCQgAEEUYORiABDIHCAEQABiABDIHCAIQABiABDIHCAMQABiABDIICAQQABgWGB4yCAgFEAAYFhgeMggIBhAAGBYYHjIGCAcQRRg80gEINDEwN2oxajeoAgCwAgA&sourceid=chrome&ie=UTF-8, 1696028398216 1 Introduction to Event Listeners (The Java™ Tutorials > Creating a GUI With Swing > Writing Event Listeners) https://docs.oracle.com/javase/tutorial/uiswing/events/intro.html, 1696028439717 3 notifylisteners java - Google Search https://www.google.com/search?q=notifylisteners+java&oq=notifylisteners+java&gs_lcrp=EgZjaHJvbWUyBggAEEUYOTIKCAEQABiGAxiKBTIKCAIQABiGAxiKBTIKCAMQABiGAxiKBTIKCAQQABiGAxiKBdIBCDk3MzlqMGo0qAIAsAIA&sourceid=chrome&ie=UTF-8, 1696028438127 1 NotificationListener (Java Platform SE 8 ) https://docs.oracle.com/javase/8/docs/api/javax/management/NotificationListener.html]
6,,Fri Sep 29 19:02:44 EDT 2023,SoundListener.java,1696028564645,8179,8179,(I)5(R)2(I)14,90.47619047619048,0.0,0.0,0.0,9.523809523809524,0.0,2.625,0.0,0.0,0.0,0.0,0.25,2.375,0.0,[]
7,,Fri Sep 29 19:02:53 EDT 2023,SoundListener.java,1696028573851,17759,0,(R)1(I)2(R)1(I)9(R)4,64.70588235294117,0.0,0.0,0.0,35.294117647058826,0.0,1.0,0.0,0.0,0.0,0.0,0.35294117647058826,0.6470588235294118,0.0,[]
8,,Fri Sep 29 19:03:11 EDT 2023,SoundListener.java,1696028591640,5231,5231,(R)3(I)6(R)4(I)11,70.83333333333334,0.0,0.0,0.0,29.166666666666668,0.0,4.8,0.0,0.0,0.0,0.0,1.4,3.4,0.0,[]
9,,Fri Sep 29 19:03:17 EDT 2023,Rooster.java,1696028597012,9154,9154,(I)4(R)2(I)13(F)1(I)2,86.36363636363636,0.0,0.0,4.545454545454546,9.090909090909092,0.0,2.4444444444444446,0.0,0.0,0.1111111111111111,0.0,0.2222222222222222,2.111111111111111,0.0,[]
10,,Fri Sep 29 19:03:26 EDT 2023,Rooster.java,1696028606254,75574,0,(I)1(F)1(I)2(F)1(I)1(F)1(I)4(R)1(F)1(R)1(F)1(I)2(F)1(I)3(F)1(I)2,62.5,0.0,0.0,29.166666666666668,8.333333333333332,0.0,0.32,0.0,0.0,0.09333333333333334,0.0,0.02666666666666667,0.2,0.0,[]
11,,Fri Sep 29 19:04:42 EDT 2023,Controller.java,1696028682111,219425,0,(I)1(R)1(F)2(I)4(F)8,31.25,0.0,0.0,62.5,6.25,0.0,0.0730593607305936,0.0,0.0,0.045662100456621,0.0,0.0045662100456621,0.0228310502283105,2.0,[1696028834171 2 getting input in java - Google Search https://www.google.com/search?q=getting+input+in+java&oq=getting+input+in+&gs_lcrp=EgZjaHJvbWUqDAgAEAAYFBiHAhiABDIMCAAQABgUGIcCGIAEMgcIARAAGIAEMgcIAhAAGIAEMgYIAxBFGDkyBwgEEAAYgAQyBwgFEAAYgAQyDAgGEAAYFBiHAhiABDIHCAcQABiABDIHCAgQABiABDIHCAkQABiABNIBCDIwMzFqMGo3qAIAsAIA&sourceid=chrome&ie=UTF-8, 1696028835601 1 Java User Input (Scanner class) https://www.w3schools.com/java/java_user_input.asp]
12,,Fri Sep 29 19:08:21 EDT 2023,Controller.java,1696028901638,13945,0,(I)1(R)1(I)3(R)1(I)3(R)1(I)7(R)1(I)1(R)1,75.0,0.0,0.0,0.0,25.0,0.0,1.5384615384615385,0.0,0.0,0.0,0.0,0.38461538461538464,1.1538461538461537,0.0,[]
13,,Fri Sep 29 19:08:35 EDT 2023,Controller.java,1696028915892,10015,0,(R)2(I)2(R)2(I)1(R)1(I)1(F)2(I)8(R)2(I)4,64.0,0.0,0.0,8.0,28.000000000000004,0.0,2.5,0.0,0.0,0.2,0.0,0.7,1.6,0.0,[]
14,,Fri Sep 29 19:08:46 EDT 2023,Controller.java,1696028926197,8523,8523,(R)4(I)1(R)1(I)1(R)1(I)17,76.0,0.0,0.0,0.0,24.0,0.0,3.125,0.0,0.0,0.0,0.0,0.75,2.375,0.0,[]
15,,Fri Sep 29 19:08:55 EDT 2023,Controller.java,1696028935093,7722,7722,(I)23(R)1(I)1,96.0,0.0,0.0,0.0,4.0,0.0,3.5714285714285716,0.0,0.0,0.0,0.0,0.14285714285714285,3.4285714285714284,0.0,[]
16,,Fri Sep 29 19:09:00 EDT 2023,Controller.java,1696028940342,25603,0,(I)3(R)2(I)18,91.30434782608695,0.0,0.0,0.0,8.695652173913043,0.0,0.92,0.0,0.0,0.0,0.0,0.08,0.84,0.0,[]
17,,Fri Sep 29 19:09:26 EDT 2023,Controller.java,1696028966077,857,857,(I)1(R)22(I)1(R)1,8.0,0.0,0.0,0.0,92.0,0.0,0.0,0.0,0.0,0.0,0.0,null,0.0,0.0,[]
18,,Fri Sep 29 19:09:28 EDT 2023,Controller.java,1696028968944,6930,6930,(I)25,100.0,0.0,0.0,0.0,0.0,0.0,4.166666666666667,0.0,0.0,0.0,0.0,0.0,4.166666666666667,0.0,[]
19,,Fri Sep 29 19:09:37 EDT 2023,Controller.java,1696028977788,10847,0,(R)4(I)2(R)1(I)10(R)1(I)3,71.42857142857143,0.0,0.0,0.0,28.57142857142857,0.0,2.1,0.0,0.0,0.0,0.0,0.6,1.5,0.0,[]
20,,Fri Sep 29 19:09:48 EDT 2023,Controller.java,1696028988725,-5612,-5612,(I)15(R)2(I)2(R)2(I)4,84.0,0.0,0.0,0.0,16.0,0.0,0.0,0.0,0.0,0.0,0.0,null,0.0,0.0,[]
21,,Fri Sep 29 19:09:44 EDT 2023,Controller.java,1696028984002,32120,0,(R)1(I)1(R)1(I)1(R)2(I)13(R)5(I)1,64.0,0.0,0.0,0.0,36.0,0.0,0.78125,0.0,0.0,0.0,0.0,0.28125,0.5,0.0,[]
22,,Fri Sep 29 19:10:16 EDT 2023,Controller.java,1696029016126,8195,8195,(I)4(R)4(I)17,84.0,0.0,0.0,0.0,16.0,0.0,3.125,0.0,0.0,0.0,0.0,0.5,2.625,0.0,[]
23,,Fri Sep 29 19:10:25 EDT 2023,Controller.java,1696029025672,46431,0,(I)6(R)1(I)1(F)2(I)4(R)1(I)2(R)3(I)2,68.18181818181817,0.0,0.0,9.090909090909092,22.727272727272727,0.0,0.4782608695652174,0.0,0.0,0.043478260869565216,0.0,0.10869565217391304,0.32608695652173914,0.0,[]
24,,Fri Sep 29 19:11:12 EDT 2023,Controller.java,1696029072611,34855,0,(R)2(I)1(R)1(I)3(R)1(I)1(R)1(I)1(R)1(I)3(R)1(I)1(R)1(I)1(R)1(I)2(R)1(I)2,60.0,0.0,0.0,0.0,40.0,0.0,0.7352941176470589,0.0,0.0,0.0,0.0,0.29411764705882354,0.4411764705882353,0.0,[]
25,,Fri Sep 29 19:11:48 EDT 2023,Controller.java,1696029108147,32156,0,(I)4(R)1(I)1(R)1(I)4(R)1(I)3(R)1(I)3(R)2(I)2(R)2,68.0,0.0,0.0,0.0,32.0,0.0,0.78125,0.0,0.0,0.0,0.0,0.25,0.53125,0.0,[]
26,,Fri Sep 29 19:12:21 EDT 2023,Controller.java,1696029141158,17071,0,(I)2(R)1(I)3(R)3(I)10(R)2(I)4,76.0,0.0,0.0,0.0,24.0,0.0,1.4705882352941178,0.0,0.0,0.0,0.0,0.35294117647058826,1.1176470588235294,0.0,[]
27,,Fri Sep 29 19:12:38 EDT 2023,Controller.java,1696029158844,25069,0,(I)17(F)1(I)2,95.0,0.0,0.0,5.0,0.0,0.0,0.8,0.0,0.0,0.04,0.0,0.0,0.76,0.0,[]
28,,Fri Sep 29 19:13:02 EDT 2023,Controller.java,1696029182903,3158,3158,(F)1(I)17(R)6(I)1,72.0,0.0,0.0,4.0,24.0,0.0,8.333333333333334,0.0,0.0,0.3333333333333333,0.0,2.0,6.0,0.0,[]
29,,Fri Sep 29 19:13:09 EDT 2023,Controller.java,1696029189530,13682,0,(R)1(I)2(R)2(I)18(R)2,80.0,0.0,0.0,0.0,20.0,0.0,1.9230769230769231,0.0,0.0,0.0,0.0,0.38461538461538464,1.5384615384615385,0.0,[]
30,,Fri Sep 29 19:13:23 EDT 2023,Controller.java,1696029203242,-1970,-1970,(R)4(I)12(R)2(I)5,73.91304347826086,0.0,0.0,0.0,26.08695652173913,0.0,0.0,0.0,0.0,0.0,0.0,null,0.0,0.0,[]
31,,Fri Sep 29 19:13:22 EDT 2023,Controller.java,1696029202956,21194,0,(R)1(I)1(R)1(I)19(R)1(I)1,87.5,0.0,0.0,0.0,12.5,0.0,1.1428571428571428,0.0,0.0,0.0,0.0,0.14285714285714285,1.0,0.0,[]
32,,Fri Sep 29 19:13:44 EDT 2023,Controller.java,1696029224350,5048,5048,(I)19(R)1(I)5,96.0,0.0,0.0,0.0,4.0,0.0,5.0,0.0,0.0,0.0,0.0,0.2,4.8,0.0,[]
33,,Fri Sep 29 19:13:49 EDT 2023,Controller.java,1696029229571,3869,3869,(I)20(R)2(I)3,92.0,0.0,0.0,0.0,8.0,0.0,8.333333333333334,0.0,0.0,0.0,0.0,0.6666666666666666,7.666666666666667,0.0,[]
34,,Fri Sep 29 19:13:53 EDT 2023,Controller.java,1696029233569,11740,0,(I)10(R)1(I)1(R)1(I)1(R)1(I)3(R)1(I)4,82.6086956521739,0.0,0.0,0.0,17.391304347826086,0.0,2.090909090909091,0.0,0.0,0.0,0.0,0.36363636363636365,1.7272727272727273,0.0,[]
35,,Fri Sep 29 19:14:06 EDT 2023,Controller.java,1696029246225,13405,0,(I)24(R)1,96.0,0.0,0.0,0.0,4.0,0.0,1.9230769230769231,0.0,0.0,0.0,0.0,0.07692307692307693,1.8461538461538463,0.0,[]
36,,Fri Sep 29 19:14:19 EDT 2023,Controller.java,1696029259790,-161,-161,(R)1(I)19(R)1(I)3(R)1,88.0,0.0,0.0,0.0,12.0,0.0,0.0,0.0,0.0,0.0,0.0,null,0.0,0.0,[]
37,,Fri Sep 29 19:14:19 EDT 2023,Controller.java,1696029259885,18531,0,(I)5(R)1(I)5(R)1(I)9,90.47619047619048,0.0,0.0,0.0,9.523809523809524,0.0,1.1666666666666667,0.0,0.0,0.0,0.0,0.1111111111111111,1.0555555555555556,0.0,[]
38,,Fri Sep 29 19:14:38 EDT 2023,Controller.java,1696029278504,7997,7997,(I)2(R)8(I)8(R)1(I)3(R)2(I)1,56.00000000000001,0.0,0.0,0.0,44.0,0.0,3.5714285714285716,0.0,0.0,0.0,0.0,1.5714285714285714,2.0,0.0,[]
39,,Fri Sep 29 19:14:46 EDT 2023,Controller.java,1696029286508,4427,4427,(I)1(R)3(I)2(R)1(I)3(R)1(I)1(R)1(I)1(R)1(I)1(R)1(I)8,68.0,0.0,0.0,0.0,32.0,0.0,6.25,0.0,0.0,0.0,0.0,2.0,4.25,0.0,[]
40,,Fri Sep 29 19:14:51 EDT 2023,Controller.java,1696029291102,8277,8277,(I)6(R)2(I)4(R)3(I)10,80.0,0.0,0.0,0.0,20.0,0.0,3.125,0.0,0.0,0.0,0.0,0.625,2.5,0.0,[]
41,,Fri Sep 29 19:14:59 EDT 2023,Controller.java,1696029299572,29728,0,(I)8(R)3(I)1(R)1(I)5(R)2(I)4,75.0,0.0,0.0,0.0,25.0,0.0,0.8275862068965517,0.0,0.0,0.0,0.0,0.20689655172413793,0.6206896551724138,0.0,[]
42,,Fri Sep 29 19:15:29 EDT 2023,Controller.java,1696029329524,9576,9576,(I)12(R)3(I)10,88.0,0.0,0.0,0.0,12.0,0.0,2.7777777777777777,0.0,0.0,0.0,0.0,0.3333333333333333,2.4444444444444446,0.0,[]
43,,Fri Sep 29 19:15:39 EDT 2023,Controller.java,1696029339241,6343,6343,(I)6(R)8(I)11,68.0,0.0,0.0,0.0,32.0,0.0,4.166666666666667,0.0,0.0,0.0,0.0,1.3333333333333333,2.8333333333333335,0.0,[]
44,,Fri Sep 29 19:15:45 EDT 2023,Controller.java,1696029345628,5267,5267,(I)1(R)3(I)21,88.0,0.0,0.0,0.0,12.0,0.0,5.0,0.0,0.0,0.0,0.0,0.6,4.4,0.0,[]
45,,Fri Sep 29 19:15:51 EDT 2023,Controller.java,1696029351383,17543,0,(I)13(R)2(I)1(F)2(I)5,82.6086956521739,0.0,0.0,8.695652173913043,8.695652173913043,0.0,1.3529411764705883,0.0,0.0,0.11764705882352941,0.0,0.11764705882352941,1.1176470588235294,0.0,[]
46,,Fri Sep 29 19:16:09 EDT 2023,Controller.java,1696029369091,25294,0,(I)8(R)1(I)3(R)1(I)12,92.0,0.0,0.0,0.0,8.0,0.0,1.0,0.0,0.0,0.0,0.0,0.08,0.92,0.0,[]
47,,Fri Sep 29 19:16:38 EDT 2023,Controller.java,1696029398037,2910,2910,(I)3(R)4(I)16(R)1(I)1,80.0,0.0,0.0,0.0,20.0,0.0,12.5,0.0,0.0,0.0,0.0,2.5,10.0,0.0,[]
48,,Fri Sep 29 19:16:49 EDT 2023,Controller.java,1696029409345,10384,0,(I)10(R)4(I)11,84.0,0.0,0.0,0.0,16.0,0.0,2.5,0.0,0.0,0.0,0.0,0.4,2.1,0.0,[]
49,,Fri Sep 29 19:16:59 EDT 2023,Controller.java,1696029419819,3294,3294,(I)3(R)3(I)11(R)3(I)5,76.0,0.0,0.0,0.0,24.0,0.0,8.333333333333334,0.0,0.0,0.0,0.0,2.0,6.333333333333333,0.0,[]
50,,Fri Sep 29 19:17:03 EDT 2023,Controller.java,1696029423177,5150,5150,(I)16(R)2(I)3(R)3(I)1,80.0,0.0,0.0,0.0,20.0,0.0,5.0,0.0,0.0,0.0,0.0,1.0,4.0,0.0,[]
51,,Fri Sep 29 19:17:08 EDT 2023,Controller.java,1696029428598,17591,0,(I)6(R)2(I)5(R)3(I)1(R)1(I)6,75.0,0.0,0.0,0.0,25.0,0.0,1.411764705882353,0.0,0.0,0.0,0.0,0.35294117647058826,1.0588235294117647,0.0,[]
52,,Fri Sep 29 19:17:26 EDT 2023,Controller.java,1696029446197,3183,3183,(I)5(R)7(I)13,72.0,0.0,0.0,0.0,28.000000000000004,0.0,8.333333333333334,0.0,0.0,0.0,0.0,2.3333333333333335,6.0,0.0,[]
53,,Fri Sep 29 19:17:29 EDT 2023,Controller.java,1696029449624,6339,6339,(I)4(R)3(I)6(R)2(I)2(R)2(I)6,72.0,0.0,0.0,0.0,28.000000000000004,0.0,4.166666666666667,0.0,0.0,0.0,0.0,1.1666666666666667,3.0,0.0,[]
54,,Fri Sep 29 19:17:36 EDT 2023,Controller.java,1696029456361,18747,0,(I)25,100.0,0.0,0.0,0.0,0.0,0.0,1.3888888888888888,0.0,0.0,0.0,0.0,0.0,1.3888888888888888,0.0,[]
55,,Fri Sep 29 19:17:55 EDT 2023,Controller.java,1696029475158,5408,5408,(I)13(R)8(I)3(R)1,64.0,0.0,0.0,0.0,36.0,0.0,5.0,0.0,0.0,0.0,0.0,1.8,3.2,0.0,[]
56,,Fri Sep 29 19:18:00 EDT 2023,Controller.java,1696029480568,23270,0,(R)2(I)2(R)2(I)18(R)1,80.0,0.0,0.0,0.0,20.0,0.0,1.0869565217391304,0.0,0.0,0.0,0.0,0.21739130434782608,0.8695652173913043,0.0,[]
57,,Fri Sep 29 19:18:24 EDT 2023,Controller.java,1696029504081,12504,0,(I)4(R)1(I)19,95.83333333333334,0.0,0.0,0.0,4.166666666666666,0.0,2.0,0.0,0.0,0.0,0.0,0.08333333333333333,1.9166666666666667,0.0,[]
58,,Fri Sep 29 19:18:36 EDT 2023,Controller.java,1696029516978,22316,0,(I)11(F)2(I)12,92.0,0.0,0.0,8.0,0.0,0.0,1.1363636363636365,0.0,0.0,0.09090909090909091,0.0,0.0,1.0454545454545454,0.0,[]
59,,Fri Sep 29 19:18:59 EDT 2023,Controller.java,1696029539304,8149,8149,(I)19(R)5(F)1,76.0,0.0,0.0,4.0,20.0,0.0,3.125,0.0,0.0,0.125,0.0,0.625,2.375,0.0,[]
60,,Fri Sep 29 19:19:05 EDT 2023,Controller.java,1696029545187,49682,0,(R)1(F)1(I)21,91.30434782608695,0.0,0.0,4.3478260869565215,4.3478260869565215,0.0,0.46938775510204084,0.0,0.0,0.02040816326530612,0.0,0.02040816326530612,0.42857142857142855,2.0,[1696029553432 2 2d array in java - Google Search https://www.google.com/search?q=2d+array+in+java&oq=2d+array+in+java&gs_lcrp=EgZjaHJvbWUyCwgAEEUYORhDGIoFMgcIARAAGIAEMgwIAhAAGBQYhwIYgAQyBwgDEAAYgAQyBwgEEAAYgAQyBwgFEAAYgAQyBwgGEAAYgAQyBwgHEAAYgAQyBwgIEAAYgAQyBwgJEAAYgATSAQg0MTM5ajBqN6gCALACAA&sourceid=chrome&ie=UTF-8, 1696029555160 2 Multidimensional Arrays in Java - GeeksforGeeks https://www.geeksforgeeks.org/multidimensional-arrays-in-java/]
61,,Fri Sep 29 19:19:56 EDT 2023,Controller.java,1696029596446,20534,0,(R)2(I)2(R)1(I)17(R)1,82.6086956521739,0.0,0.0,0.0,17.391304347826086,0.0,1.15,0.0,0.0,0.0,0.0,0.2,0.95,0.0,[]
62,,Fri Sep 29 19:20:17 EDT 2023,Controller.java,1696029617240,22638,0,(R)5(I)8(R)2(I)2(R)1(I)2(R)1(I)1,59.09090909090909,0.0,0.0,0.0,40.909090909090914,0.0,1.0,0.0,0.0,0.0,0.0,0.4090909090909091,0.5909090909090909,0.0,[]
63,,Fri Sep 29 19:20:39 EDT 2023,Controller.java,1696029639984,7355,7355,(I)1(R)1(I)3(R)3(I)1(R)1(I)5(R)2(I)4,66.66666666666666,0.0,0.0,0.0,33.33333333333333,0.0,3.0,0.0,0.0,0.0,0.0,1.0,2.0,0.0,[]
64,,Fri Sep 29 19:20:55 EDT 2023,Controller.java,1696029655679,8320,8320,(I)25,100.0,0.0,0.0,0.0,0.0,0.0,3.125,0.0,0.0,0.0,0.0,0.0,3.125,0.0,[]
65,,Fri Sep 29 19:21:04 EDT 2023,Controller.java,1696029664278,50189,0,(I)3(F)2(I)16(F)2(I)2,84.0,0.0,0.0,16.0,0.0,0.0,0.5,0.0,0.0,0.08,0.0,0.0,0.42,1.0,[]
66,,Fri Sep 29 19:21:35 EDT 2023,Controller.java,1696029695335,28906,0,(I)2(R)1(I)1(R)1(I)1(R)1(I)1(R)1(I)1(R)1(I)1(R)1(I)3(R)3(I)1(R)1(I)2(R)1,54.166666666666664,0.0,0.0,0.0,45.83333333333333,0.0,0.8571428571428571,0.0,0.0,0.0,0.0,0.39285714285714285,0.4642857142857143,1.0,[1696029711495 2 how to compare stings in java - Google Search https://www.google.com/search?q=how+to+compare+stings+in+java&sca_esv=569594169&sxsrf=AM9HkKnQayLZKRjzg635dX_bYedhiVCBbg%3A1696029677173&ei=7VsXZZqMCr-h5NoP-t61wAI&ved=0ahUKEwjatr7z-tCBAxW_EFkFHXpvDSgQ4dUDCBE&uact=5&oq=how+to+compare+stings+in+java&gs_lp=Egxnd3Mtd2l6LXNlcnAiHWhvdyB0byBjb21wYXJlIHN0aW5ncyBpbiBqYXZhMggQABiKBRiRAjIHEAAYgAQYCjIHEAAYgAQYCjIHEAAYgAQYCjIHEAAYgAQYCjIGEAAYFhgeMgYQABgWGB4yBhAAGBYYHjIGEAAYFhgeMgsQABgWGB4Y8QQYCkiWMFDCCVjTL3AGeAGQAQCYAX-gAbwUqgEEMjUuNrgBA8gBAPgBAcICChAAGEcY1gQYsAPCAgQQIxgnwgIHECMYigUYJ8ICERAuGIAEGLEDGIMBGMcBGNEDwgILEC4YgAQYxwEY0QPCAgsQABiABBixAxiDAcICBRAuGIAEwgILEC4YigUYsQMYgwHCAgsQABiKBRixAxiDAcICBRAAGIAEwgIHEAAYigUYQ8ICCBAAGIoFGLEDwgIIEAAYgAQYsQPCAgYQABgeGA3CAgsQABgeGA0Y8QQYCsICCBAAGAgYHhgNwgIIEAAYigUYhgPCAgcQABgNGIAE4gMEGAAgQYgGAZAGCA&sclient=gws-wiz-serp]
67,,Fri Sep 29 19:22:04 EDT 2023,Controller.java,1696029724413,16260,0,(R)2(I)1(R)1(I)3(R)2(I)4(R)1(I)1(R)1(I)1,58.82352941176471,0.0,0.0,0.0,41.17647058823529,0.0,1.0625,0.0,0.0,0.0,0.0,0.4375,0.625,0.0,[]
68,,Fri Sep 29 19:22:21 EDT 2023,Controller.java,1696029741146,6499,6499,(R)1(I)1(R)2(I)2(R)2(I)1(R)1(I)1(R)1(I)1(R)2(I)1(R)1(I)1(R)1(I)1(R)1,42.857142857142854,0.0,0.0,0.0,57.14285714285714,0.0,3.5,0.0,0.0,0.0,0.0,2.0,1.5,0.0,[]
69,,Fri Sep 29 19:22:28 EDT 2023,Controller.java,1696029748469,14212,0,(I)1(R)2(I)1(R)1(I)1(R)1(I)17,83.33333333333334,0.0,0.0,0.0,16.666666666666664,0.0,1.7142857142857142,0.0,0.0,0.0,0.0,0.2857142857142857,1.4285714285714286,0.0,[]
70,,Fri Sep 29 19:22:42 EDT 2023,Controller.java,1696029762902,20637,0,(I)10(R)1(I)2(R)1(I)8(R)1,86.95652173913044,0.0,0.0,0.0,13.043478260869565,0.0,1.15,0.0,0.0,0.0,0.0,0.15,1.0,0.0,[]
71,,Fri Sep 29 19:23:03 EDT 2023,Controller.java,1696029783543,12901,0,(I)2(R)1(I)1(R)1(I)1(R)1(I)10(R)2(I)2,76.19047619047619,0.0,0.0,0.0,23.809523809523807,0.0,1.75,0.0,0.0,0.0,0.0,0.4166666666666667,1.3333333333333333,0.0,[]
72,,Fri Sep 29 19:23:14 EDT 2023,Controller.java,1696029794530,20127,0,(I)9(R)4(I)9,81.81818181818183,0.0,0.0,0.0,18.181818181818183,0.0,1.1,0.0,0.0,0.0,0.0,0.2,0.9,0.0,[]
73,,Fri Sep 29 19:23:34 EDT 2023,Controller.java,1696029814750,14624,0,(I)23,100.0,0.0,0.0,0.0,0.0,0.0,1.6428571428571428,0.0,0.0,0.0,0.0,0.0,1.6428571428571428,0.0,[]
74,,Fri Sep 29 19:23:49 EDT 2023,Controller.java,1696029829548,13385,0,(I)25,100.0,0.0,0.0,0.0,0.0,0.0,1.9230769230769231,0.0,0.0,0.0,0.0,0.0,1.9230769230769231,0.0,[]
75,,Fri Sep 29 19:24:05 EDT 2023,Controller.java,1696029845726,6949,6949,(I)1(R)2(I)3(R)2(I)4(R)2(I)2(R)2(I)7,68.0,0.0,0.0,0.0,32.0,0.0,4.166666666666667,0.0,0.0,0.0,0.0,1.3333333333333333,2.8333333333333335,0.0,[]
76,,Fri Sep 29 19:24:13 EDT 2023,Controller.java,1696029853120,9422,9422,(I)22(R)2,91.66666666666666,0.0,0.0,0.0,8.333333333333332,0.0,2.6666666666666665,0.0,0.0,0.0,0.0,0.2222222222222222,2.4444444444444446,0.0,[]
77,,Fri Sep 29 19:24:22 EDT 2023,Controller.java,1696029862833,9994,9994,(I)16,100.0,0.0,0.0,0.0,0.0,0.0,1.7777777777777777,0.0,0.0,0.0,0.0,0.0,1.7777777777777777,0.0,[]
78,,Fri Sep 29 19:24:34 EDT 2023,Main.java,1696029874055,13083,0,(I)1(F)2(I)17,90.0,0.0,0.0,10.0,0.0,0.0,1.5384615384615385,0.0,0.0,0.15384615384615385,0.0,0.0,1.3846153846153846,0.0,[]
79,,Fri Sep 29 19:24:47 EDT 2023,Main.java,1696029887358,5545,5545,(I)15(R)1(I)8,95.83333333333334,0.0,0.0,0.0,4.166666666666666,0.0,4.8,0.0,0.0,0.0,0.0,0.2,4.6,0.0,[]
80,,Fri Sep 29 19:24:53 EDT 2023,Controller.java,1696029893461,3483,3483,(I)4(R)3(I)4(R)1(I)1(R)1(I)3(R)1(I)7,76.0,0.0,0.0,0.0,24.0,0.0,8.333333333333334,0.0,0.0,0.0,0.0,2.0,6.333333333333333,0.0,[]
81,,Fri Sep 29 19:24:57 EDT 2023,Controller.java,1696029897123,18835,0,(I)10(R)2(I)11,91.30434782608695,0.0,0.0,0.0,8.695652173913043,0.0,1.2777777777777777,0.0,0.0,0.0,0.0,0.1111111111111111,1.1666666666666667,0.0,[]
82,,Fri Sep 29 19:25:16 EDT 2023,Controller.java,1696029916244,4289,4289,(R)3(I)5(R)6(I)11,64.0,0.0,0.0,0.0,36.0,0.0,6.25,0.0,0.0,0.0,0.0,2.25,4.0,0.0,[]
83,,Fri Sep 29 19:25:20 EDT 2023,Main.java,1696029920738,33539,0,(I)19(R)2,90.47619047619048,0.0,0.0,0.0,9.523809523809524,0.0,0.6363636363636364,0.0,0.0,0.0,0.0,0.06060606060606061,0.5757575757575758,0.0,[]
84,,Fri Sep 29 19:25:54 EDT 2023,Main.java,1696029954374,5545,5545,(I)25,100.0,0.0,0.0,0.0,0.0,0.0,5.0,0.0,0.0,0.0,0.0,0.0,5.0,0.0,[]
85,,Fri Sep 29 19:26:00 EDT 2023,Controller.java,1696029960079,-5709,-5709,(I)4(F)2(I)6(D)1(I)1,78.57142857142857,7.142857142857142,0.0,14.285714285714285,0.0,0.0,0.0,0.0,0.0,0.0,0.0,null,0.0,0.0,[]
86,,Fri Sep 29 19:26:03 EDT 2023,Controller.java,1696029963791,63759,0,(R)1(I)12(R)3(I)1(R)1(I)5(R)1,75.0,0.0,0.0,0.0,25.0,0.0,0.38095238095238093,0.0,0.0,0.0,0.0,0.09523809523809523,0.2857142857142857,0.0,[]
87,,Fri Sep 29 19:27:08 EDT 2023,Controller.java,1696030028684,-13768,-13768,(I)3(R)1(D)1(I)2,71.42857142857143,14.285714285714285,0.0,0.0,14.285714285714285,0.0,0.0,0.0,0.0,0.0,0.0,null,0.0,0.0,[]
88,,Fri Sep 29 19:26:59 EDT 2023,Controller.java,1696030019316,208256,0,(R)3(I)2(R)1(I)1(R)2(I)3(R)2(I)1(R)6,33.33333333333333,0.0,0.0,0.0,66.66666666666666,0.0,0.10096153846153846,0.0,0.0,0.0,0.0,0.0673076923076923,0.03365384615384615,0.0,[]
89,,Fri Sep 29 19:30:31 EDT 2023,Controller.java,1696030231131,10264,0,(I)1(R)2(I)3(R)3(I)13,77.27272727272727,0.0,0.0,0.0,22.727272727272727,0.0,2.2,0.0,0.0,0.0,0.0,0.5,1.7,0.0,[]
90,,Fri Sep 29 19:30:41 EDT 2023,Controller.java,1696030241478,15510,0,(I)17(R)2(I)3(R)3,80.0,0.0,0.0,0.0,20.0,0.0,1.6666666666666667,0.0,0.0,0.0,0.0,0.3333333333333333,1.3333333333333333,0.0,[]
91,,Fri Sep 29 19:30:57 EDT 2023,Controller.java,1696030257643,9068,9068,(I)5(R)3(I)17,88.0,0.0,0.0,0.0,12.0,0.0,2.7777777777777777,0.0,0.0,0.0,0.0,0.3333333333333333,2.4444444444444446,0.0,[]
92,,Fri Sep 29 19:31:06 EDT 2023,Controller.java,1696030266811,23703,0,(I)19(R)5,79.16666666666666,0.0,0.0,0.0,20.833333333333336,0.0,1.0434782608695652,0.0,0.0,0.0,0.0,0.21739130434782608,0.8260869565217391,0.0,[]
93,,Fri Sep 29 19:31:30 EDT 2023,Controller.java,1696030290782,6268,6268,(R)2(I)6(R)2(I)15,84.0,0.0,0.0,0.0,16.0,0.0,4.166666666666667,0.0,0.0,0.0,0.0,0.6666666666666666,3.5,0.0,[]
94,,Fri Sep 29 19:31:37 EDT 2023,Controller.java,1696030297881,35885,0,(I)24,100.0,0.0,0.0,0.0,0.0,0.0,0.6857142857142857,0.0,0.0,0.0,0.0,0.0,0.6857142857142857,0.0,[]
95,,Fri Sep 29 19:32:13 EDT 2023,Controller.java,1696030333778,10062,0,(I)6(R)2(I)17,92.0,0.0,0.0,0.0,8.0,0.0,2.5,0.0,0.0,0.0,0.0,0.2,2.3,0.0,[]
96,,Fri Sep 29 19:32:24 EDT 2023,Animal.java,1696030344060,51754,0,(I)4(R)2(I)4(F)6(I)2,55.55555555555556,0.0,0.0,33.33333333333333,11.11111111111111,0.0,0.35294117647058826,0.0,0.0,0.11764705882352941,0.0,0.0392156862745098,0.19607843137254902,0.0,[]
97,,Fri Sep 29 19:33:17 EDT 2023,AnimalInterface.java,1696030397529,-1805,-1805,(I)24,100.0,0.0,0.0,0.0,0.0,0.0,0.0,0.0,0.0,0.0,0.0,null,0.0,0.0,[]
98,,Fri Sep 29 19:33:18 EDT 2023,Animal.java,1696030398110,26031,0,(I)21,100.0,0.0,0.0,0.0,0.0,0.0,0.8076923076923077,0.0,0.0,0.0,0.0,0.0,0.8076923076923077,0.0,[]
99,,Fri Sep 29 19:33:44 EDT 2023,AnimalInterface.java,1696030424324,20805,0,(I)22,100.0,0.0,0.0,0.0,0.0,0.0,1.1,0.0,0.0,0.0,0.0,0.0,1.1,0.0,[]
100,,Fri Sep 29 19:34:05 EDT 2023,Controller.java,1696030445203,11745,0,(I)4(R)2(I)2(R)3(I)2(R)2(I)3,61.111111111111114,0.0,0.0,0.0,38.88888888888889,0.0,1.6363636363636365,0.0,0.0,0.0,0.0,0.6363636363636364,1.0,0.0,[]
101,,Fri Sep 29 19:34:17 EDT 2023,Controller.java,1696030457101,13451,0,(I)2(R)1(I)6(R)5(I)5(R)3,59.09090909090909,0.0,0.0,0.0,40.909090909090914,0.0,1.6923076923076923,0.0,0.0,0.0,0.0,0.6923076923076923,1.0,0.0,[]
102,,Fri Sep 29 19:34:30 EDT 2023,Controller.java,1696030470847,28736,0,(R)1(I)12(R)1(I)7,90.47619047619048,0.0,0.0,0.0,9.523809523809524,0.0,0.75,0.0,0.0,0.0,0.0,0.07142857142857142,0.6785714285714286,0.0,[]
103,,Fri Sep 29 19:34:59 EDT 2023,Controller.java,1696030499830,40171,0,(I)13(R)1(I)1(R)1(I)6,90.9090909090909,0.0,0.0,0.0,9.090909090909092,0.0,0.55,0.0,0.0,0.0,0.0,0.05,0.5,0.0,[]
104,,Fri Sep 29 19:35:40 EDT 2023,Controller.java,1696030540134,16472,0,(I)2(R)1(I)22,96.0,0.0,0.0,0.0,4.0,0.0,1.5625,0.0,0.0,0.0,0.0,0.0625,1.5,0.0,[]
105,,Fri Sep 29 19:35:56 EDT 2023,Animal.java,1696030556680,16902,0,(I)11(R)1(I)1(R)1(I)1(R)1(I)6(R)3,76.0,0.0,0.0,0.0,24.0,0.0,1.5625,0.0,0.0,0.0,0.0,0.375,1.1875,0.0,[]
106,,Fri Sep 29 19:36:13 EDT 2023,Animal.java,1696030573772,23863,0,(R)2(I)17,89.47368421052632,0.0,0.0,0.0,10.526315789473683,0.0,0.8260869565217391,0.0,0.0,0.0,0.0,0.08695652173913043,0.7391304347826086,0.0,[]
107,,Fri Sep 29 19:36:38 EDT 2023,AnimalImpl.java,1696030598318,79711,0,(I)15(F)4(I)4,82.6086956521739,0.0,0.0,17.391304347826086,0.0,0.0,0.2911392405063291,0.0,0.0,0.05063291139240506,0.0,0.0,0.24050632911392406,0.0,[]
108,,Fri Sep 29 19:37:58 EDT 2023,AnimalImpl.java,1696030678233,11393,0,(I)10(R)1(I)14,96.0,0.0,0.0,0.0,4.0,0.0,2.272727272727273,0.0,0.0,0.0,0.0,0.09090909090909091,2.1818181818181817,0.0,[]
109,,Fri Sep 29 19:38:09 EDT 2023,AnimalImpl.java,1696030689849,28929,0,(I)4(F)2(I)1(F)2(I)1(R)1(I)5(R)1(I)6,73.91304347826086,0.0,0.0,17.391304347826086,8.695652173913043,0.0,0.8214285714285714,0.0,0.0,0.14285714285714285,0.0,0.07142857142857142,0.6071428571428571,0.0,[]
110,,Fri Sep 29 19:38:39 EDT 2023,AnimalImpl.java,1696030719003,14830,0,(I)1(R)1(I)11(R)7(I)5,68.0,0.0,0.0,0.0,32.0,0.0,1.7857142857142858,0.0,0.0,0.0,0.0,0.5714285714285714,1.2142857142857142,0.0,[]
111,,Fri Sep 29 19:38:53 EDT 2023,AnimalImpl.java,1696030733910,3518,3518,(I)6(R)3(I)16,88.0,0.0,0.0,0.0,12.0,0.0,8.333333333333334,0.0,0.0,0.0,0.0,1.0,7.333333333333333,0.0,[]
112,,Fri Sep 29 19:38:57 EDT 2023,AnimalImpl.java,1696030737946,3922,3922,(R)3(I)3(R)19,12.0,0.0,0.0,0.0,88.0,0.0,8.333333333333334,0.0,0.0,0.0,0.0,7.333333333333333,1.0,0.0,[]
113,,Fri Sep 29 19:39:01 EDT 2023,Animal.java,1696030741898,10026,0,(R)6(I)15,71.42857142857143,0.0,0.0,0.0,28.57142857142857,0.0,2.1,0.0,0.0,0.0,0.0,0.6,1.5,0.0,[]
114,,Fri Sep 29 19:39:12 EDT 2023,Animal.java,1696030752251,7509,7509,(R)1(I)22(R)2,88.0,0.0,0.0,0.0,12.0,0.0,3.5714285714285716,0.0,0.0,0.0,0.0,0.42857142857142855,3.142857142857143,0.0,[]
115,,Fri Sep 29 19:39:19 EDT 2023,Animal.java,1696030759888,5468,5468,(R)4(I)13(R)1(I)7,80.0,0.0,0.0,0.0,20.0,0.0,5.0,0.0,0.0,0.0,0.0,1.0,4.0,0.0,[]
116,,Fri Sep 29 19:39:26 EDT 2023,Animal.java,1696030766596,18456,0,(I)5(R)1(I)16,95.45454545454545,0.0,0.0,0.0,4.545454545454546,0.0,1.2222222222222223,0.0,0.0,0.0,0.0,0.05555555555555555,1.1666666666666667,0.0,[]
117,,Fri Sep 29 19:39:45 EDT 2023,Animal.java,1696030785423,-22512,-22512,(I)18(R)1(I)2(R)1(I)1(R)1,87.5,0.0,0.0,0.0,12.5,0.0,0.0,0.0,0.0,0.0,0.0,null,0.0,0.0,[]
118,,Fri Sep 29 19:39:24 EDT 2023,Animal.java,1696030764653,90381,0,(I)3(R)1(I)9(R)3(I)1(R)2(I)6,76.0,0.0,0.0,0.0,24.0,0.0,0.2777777777777778,0.0,0.0,0.0,0.0,0.06666666666666667,0.2111111111111111,0.0,[]
119,,Fri Sep 29 19:40:55 EDT 2023,Animal.java,1696030855187,8131,8131,(I)10(R)4(I)11,84.0,0.0,0.0,0.0,16.0,0.0,3.125,0.0,0.0,0.0,0.0,0.5,2.625,0.0,[]
120,,Fri Sep 29 19:41:03 EDT 2023,AnimalInterface.java,1696030863840,19126,0,(I)19,100.0,0.0,0.0,0.0,0.0,0.0,1.0,0.0,0.0,0.0,0.0,0.0,1.0,0.0,[]
121,,Fri Sep 29 19:41:23 EDT 2023,AnimalInterface.java,1696030883041,4601,4601,(I)2(R)2(I)18(R)3,80.0,0.0,0.0,0.0,20.0,0.0,6.25,0.0,0.0,0.0,0.0,1.25,5.0,0.0,[]
122,,Fri Sep 29 19:41:28 EDT 2023,AnimalImpl.java,1696030888464,9727,9727,(I)14(R)4(I)3,80.95238095238095,0.0,0.0,0.0,19.047619047619047,0.0,2.3333333333333335,0.0,0.0,0.0,0.0,0.4444444444444444,1.8888888888888888,0.0,[]
123,,Fri Sep 29 19:41:39 EDT 2023,Animal.java,1696030899516,12424,0,(I)17(R)1(I)3,95.23809523809523,0.0,0.0,0.0,4.761904761904762,0.0,1.75,0.0,0.0,0.0,0.0,0.08333333333333333,1.6666666666666667,0.0,[]
124,,Fri Sep 29 19:41:55 EDT 2023,Controller.java,1696030915834,51206,0,(I)18,100.0,0.0,0.0,0.0,0.0,0.0,0.35294117647058826,0.0,0.0,0.0,0.0,0.0,0.35294117647058826,0.0,[]
125,,Fri Sep 29 19:42:47 EDT 2023,Controller.java,1696030967316,10105,0,(I)15(R)6,71.42857142857143,0.0,0.0,0.0,28.57142857142857,0.0,2.1,0.0,0.0,0.0,0.0,0.6,1.5,0.0,[]
126,,Fri Sep 29 19:42:57 EDT 2023,Animal.java,1696030977452,40993,0,(R)2(I)3(F)2(I)4(R)1(I)1(R)1(I)2(R)1(I)3,65.0,0.0,0.0,10.0,25.0,0.0,0.5,0.0,0.0,0.05,0.0,0.125,0.325,0.0,[]
127,,Fri Sep 29 19:43:44 EDT 2023,AnimalImpl.java,1696031024052,98415,0,(I)7(F)2(I)3(F)2(I)4(F)2(I)4(F)1,72.0,0.0,0.0,28.000000000000004,0.0,0.0,0.25510204081632654,0.0,0.0,0.07142857142857142,0.0,0.0,0.1836734693877551,0.0,[]
128,,Fri Sep 29 19:43:43 EDT 2023,Animal.java,1696031023981,159253,0,(F)1(I)5(F)2(I)6(R)2(I)3,73.68421052631578,0.0,0.0,15.789473684210526,10.526315789473683,0.0,0.11949685534591195,0.0,0.0,0.018867924528301886,0.0,0.012578616352201259,0.0880503144654088,1.0,[1696031145302 1 Java OOP Zoo Program https://chat.openai.com/c/c0b31d16-a8d4-4420-83fa-5fec04c38e08]
129,,Fri Sep 29 19:46:23 EDT 2023,AnimalImpl.java,1696031183561,15072,0,(R)1(I)1(R)1(I)3(R)1(I)1(R)9(I)1(R)1(I)1,35.0,0.0,0.0,0.0,65.0,0.0,1.3333333333333333,0.0,0.0,0.0,0.0,0.8666666666666667,0.4666666666666667,0.0,[]
130,,Fri Sep 29 19:46:38 EDT 2023,AnimalImpl.java,1696031198801,15903,0,(I)2(R)1(I)3(R)1(I)15,90.9090909090909,0.0,0.0,0.0,9.090909090909092,0.0,1.4666666666666666,0.0,0.0,0.0,0.0,0.13333333333333333,1.3333333333333333,0.0,[]
131,,Fri Sep 29 19:46:54 EDT 2023,AnimalImpl.java,1696031214750,6616,6616,(I)10(R)1(I)8(R)5,75.0,0.0,0.0,0.0,25.0,0.0,4.0,0.0,0.0,0.0,0.0,1.0,3.0,0.0,[]
132,,Fri Sep 29 19:47:01 EDT 2023,AnimalImpl.java,1696031221534,5705,5705,(I)11(R)3(I)11,88.0,0.0,0.0,0.0,12.0,0.0,5.0,0.0,0.0,0.0,0.0,0.6,4.4,0.0,[]
133,,Fri Sep 29 19:47:07 EDT 2023,AnimalImpl.java,1696031227321,6288,6288,(I)2(R)10(I)2(R)1(I)3(R)2(I)5,48.0,0.0,0.0,0.0,52.0,0.0,4.166666666666667,0.0,0.0,0.0,0.0,2.1666666666666665,2.0,0.0,[]
134,,Fri Sep 29 19:47:13 EDT 2023,AnimalImpl.java,1696031233612,10672,0,(I)1(R)2(I)4(R)4(I)8(R)1(I)3(R)1(I)1,68.0,0.0,0.0,0.0,32.0,0.0,2.5,0.0,0.0,0.0,0.0,0.8,1.7,0.0,[]
135,,Fri Sep 29 19:47:25 EDT 2023,AnimalImpl.java,1696031245326,11898,0,(I)10(R)3(I)5(R)1(I)1(R)1(I)4,80.0,0.0,0.0,0.0,20.0,0.0,2.272727272727273,0.0,0.0,0.0,0.0,0.45454545454545453,1.8181818181818181,0.0,[]
136,,Fri Sep 29 19:47:37 EDT 2023,AnimalImpl.java,1696031257233,5268,5268,(I)6(R)8(I)11,68.0,0.0,0.0,0.0,32.0,0.0,5.0,0.0,0.0,0.0,0.0,1.6,3.4,0.0,[]
137,,Fri Sep 29 19:47:42 EDT 2023,Controller.java,1696031262965,111033,0,(I)19,100.0,0.0,0.0,0.0,0.0,0.0,0.17117117117117117,0.0,0.0,0.0,0.0,0.0,0.17117117117117117,0.0,[]
138,,Fri Sep 29 19:49:34 EDT 2023,Controller.java,1696031374111,6631,6631,(I)4(R)7(I)14,72.0,0.0,0.0,0.0,28.000000000000004,0.0,4.166666666666667,0.0,0.0,0.0,0.0,1.1666666666666667,3.0,0.0,[]
139,,Fri Sep 29 19:49:40 EDT 2023,Controller.java,1696031380925,-4411,-4411,(I)16(R)1(I)4(F)2(I)1,87.5,0.0,0.0,8.333333333333332,4.166666666666666,0.0,0.0,0.0,0.0,0.0,0.0,null,0.0,0.0,[]
140,,Fri Sep 29 19:49:49 EDT 2023,Controller.java,1696031389661,42165,0,(R)1(I)21,95.45454545454545,0.0,0.0,0.0,4.545454545454546,0.0,0.5238095238095238,0.0,0.0,0.0,0.0,0.023809523809523808,0.5,0.0,[]
141,,Fri Sep 29 19:50:32 EDT 2023,Controller.java,1696031432398,5535,5535,(I)13(R)3(I)9,88.0,0.0,0.0,0.0,12.0,0.0,5.0,0.0,0.0,0.0,0.0,0.6,4.4,0.0,[]
142,,Fri Sep 29 19:50:37 EDT 2023,Controller.java,1696031437998,9175,9175,(I)10(R)4(I)10,83.33333333333334,0.0,0.0,0.0,16.666666666666664,0.0,2.6666666666666665,0.0,0.0,0.0,0.0,0.4444444444444444,2.2222222222222223,0.0,[]
143,,Fri Sep 29 19:50:48 EDT 2023,Controller.java,1696031448026,11456,0,(I)13(R)3(I)9,88.0,0.0,0.0,0.0,12.0,0.0,2.272727272727273,0.0,0.0,0.0,0.0,0.2727272727272727,2.0,0.0,[]
144,,Fri Sep 29 19:50:44 EDT 2023,Controller.java,1696031444487,21220,0,(I)3(R)1(I)21,96.0,0.0,0.0,0.0,4.0,0.0,1.1904761904761905,0.0,0.0,0.0,0.0,0.047619047619047616,1.1428571428571428,0.0,[]
145,,Fri Sep 29 19:51:05 EDT 2023,Controller.java,1696031465853,7951,7951,(I)4(R)1(I)5(R)1(I)14,92.0,0.0,0.0,0.0,8.0,0.0,3.5714285714285716,0.0,0.0,0.0,0.0,0.2857142857142857,3.2857142857142856,0.0,[]
146,,Fri Sep 29 19:51:14 EDT 2023,Controller.java,1696031474462,19472,0,(R)2(I)1(R)1(I)1(R)1(I)1(R)1(I)11(R)2(I)2(R)2,64.0,0.0,0.0,0.0,36.0,0.0,1.3157894736842106,0.0,0.0,0.0,0.0,0.47368421052631576,0.8421052631578947,0.0,[]
147,,Fri Sep 29 19:51:34 EDT 2023,Controller.java,1696031494451,8612,8612,(I)16(R)4(I)4,83.33333333333334,0.0,0.0,0.0,16.666666666666664,0.0,3.0,0.0,0.0,0.0,0.0,0.5,2.5,0.0,[]
148,,Fri Sep 29 19:51:43 EDT 2023,Controller.java,1696031503225,36536,0,(I)3(R)6(I)9(R)2(I)4,66.66666666666666,0.0,0.0,0.0,33.33333333333333,0.0,0.6666666666666666,0.0,0.0,0.0,0.0,0.2222222222222222,0.4444444444444444,0.0,[]
149,,Fri Sep 29 19:52:20 EDT 2023,Controller.java,1696031540404,29843,0,(I)21,100.0,0.0,0.0,0.0,0.0,0.0,0.7241379310344828,0.0,0.0,0.0,0.0,0.0,0.7241379310344828,0.0,[]
150,,Fri Sep 29 19:52:50 EDT 2023,Controller.java,1696031570355,12104,0,(I)2(R)5(I)16,78.26086956521739,0.0,0.0,0.0,21.73913043478261,0.0,1.9166666666666667,0.0,0.0,0.0,0.0,0.4166666666666667,1.5,0.0,[]
151,,Fri Sep 29 19:53:02 EDT 2023,Controller.java,1696031582574,25372,0,(I)7(R)1(I)8(R)1(I)2(R)1(I)1,85.71428571428571,0.0,0.0,0.0,14.285714285714285,0.0,0.84,0.0,0.0,0.0,0.0,0.12,0.72,0.0,[]
152,,Fri Sep 29 19:53:28 EDT 2023,Controller.java,1696031608709,24376,0,(I)1(R)1(I)4(R)2(I)11(R)1(I)5,84.0,0.0,0.0,0.0,16.0,0.0,1.0416666666666667,0.0,0.0,0.0,0.0,0.16666666666666666,0.875,0.0,[]
153,,Fri Sep 29 19:53:53 EDT 2023,Controller.java,1696031633187,9093,9093,(I)18(R)2(I)5,92.0,0.0,0.0,0.0,8.0,0.0,2.7777777777777777,0.0,0.0,0.0,0.0,0.2222222222222222,2.5555555555555554,0.0,[]
154,,Fri Sep 29 19:54:01 EDT 2023,Controller.java,1696031641208,10871,0,(I)25,100.0,0.0,0.0,0.0,0.0,0.0,2.5,0.0,0.0,0.0,0.0,0.0,2.5,0.0,[]
155,,Fri Sep 29 19:54:12 EDT 2023,Controller.java,1696031652167,71293,0,(I)3(R)2(I)7(R)1(I)11,87.5,0.0,0.0,0.0,12.5,0.0,0.3380281690140845,0.0,0.0,0.0,0.0,0.04225352112676056,0.29577464788732394,0.0,[]
156,,Fri Sep 29 19:55:23 EDT 2023,Controller.java,1696031723600,8676,8676,(I)13(R)2(I)10,92.0,0.0,0.0,0.0,8.0,0.0,3.125,0.0,0.0,0.0,0.0,0.25,2.875,0.0,[]
157,,Fri Sep 29 19:55:32 EDT 2023,Rooster.java,1696031732413,12160,0,(I)9(R)3(I)7(F)2(I)4,80.0,0.0,0.0,8.0,12.0,0.0,2.0833333333333335,0.0,0.0,0.16666666666666666,0.0,0.25,1.6666666666666667,0.0,[]
158,,Fri Sep 29 19:55:46 EDT 2023,Rooster.java,1696031746420,30023,0,(I)2(R)2(I)3(R)1(I)2(R)2(I)3(R)1(I)2(R)1(I)5,70.83333333333334,0.0,0.0,0.0,29.166666666666668,0.0,0.8,0.0,0.0,0.0,0.0,0.23333333333333334,0.5666666666666667,0.0,[]
159,,Fri Sep 29 19:56:16 EDT 2023,Rooster.java,1696031776517,5026,5026,(I)6(R)4(I)10(R)2(I)1(R)2,68.0,0.0,0.0,0.0,32.0,0.0,5.0,0.0,0.0,0.0,0.0,1.6,3.4,0.0,[]
160,,Fri Sep 29 19:56:22 EDT 2023,Rooster.java,1696031782144,17510,0,(R)1(I)1(R)1(I)7(R)6(I)9,68.0,0.0,0.0,0.0,32.0,0.0,1.4705882352941178,0.0,0.0,0.0,0.0,0.47058823529411764,1.0,0.0,[]
161,,Fri Sep 29 19:56:39 EDT 2023,Rooster.java,1696031799753,30239,0,(I)20(R)1(I)1,95.45454545454545,0.0,0.0,0.0,4.545454545454546,0.0,0.7333333333333333,0.0,0.0,0.0,0.0,0.03333333333333333,0.7,0.0,[]
162,,Fri Sep 29 19:57:10 EDT 2023,Rooster.java,1696031830237,7578,7578,(R)2(I)5,71.42857142857143,0.0,0.0,0.0,28.57142857142857,0.0,1.0,0.0,0.0,0.0,0.0,0.2857142857142857,0.7142857142857143,0.0,[]
163,,Fri Sep 29 19:57:18 EDT 2023,Rooster.java,1696031838069,10466,0,(I)1(R)1(I)2(R)1(I)1(R)2(I)1(R)1(I)2(R)1(I)1(R)1(I)9,70.83333333333334,0.0,0.0,0.0,29.166666666666668,0.0,2.4,0.0,0.0,0.0,0.0,0.7,1.7,0.0,[]
164,,Fri Sep 29 19:57:28 EDT 2023,Controller.java,1696031848645,28060,0,(I)8(R)3(I)5(R)1(I)3(R)1,76.19047619047619,0.0,0.0,0.0,23.809523809523807,0.0,0.75,0.0,0.0,0.0,0.0,0.17857142857142858,0.5714285714285714,0.0,[]
165,,Fri Sep 29 19:57:56 EDT 2023,Controller.java,1696031876708,3885,3885,(R)1(I)8(R)1(I)9(R)4(I)2,76.0,0.0,0.0,0.0,24.0,0.0,8.333333333333334,0.0,0.0,0.0,0.0,2.0,6.333333333333333,0.0,[]
166,,Fri Sep 29 19:58:06 EDT 2023,Controller.java,1696031886618,10055,0,(I)1(R)1(I)1(R)1(I)3(R)1(I)14(R)3,76.0,0.0,0.0,0.0,24.0,0.0,2.5,0.0,0.0,0.0,0.0,0.6,1.9,0.0,[]
167,,Fri Sep 29 19:58:16 EDT 2023,Controller.java,1696031896993,7268,7268,(R)2(I)17(R)2(I)4,84.0,0.0,0.0,0.0,16.0,0.0,3.5714285714285716,0.0,0.0,0.0,0.0,0.5714285714285714,3.0,0.0,[]
168,,Fri Sep 29 19:58:24 EDT 2023,Controller.java,1696031904361,13428,0,(I)10(R)2(I)11,91.30434782608695,0.0,0.0,0.0,8.695652173913043,0.0,1.7692307692307692,0.0,0.0,0.0,0.0,0.15384615384615385,1.6153846153846154,0.0,[]
169,,Fri Sep 29 19:58:38 EDT 2023,Controller.java,1696031918495,10927,0,(I)25,100.0,0.0,0.0,0.0,0.0,0.0,2.5,0.0,0.0,0.0,0.0,0.0,2.5,0.0,[]
170,,Fri Sep 29 19:58:56 EDT 2023,Controller.java,1696031936136,6384,6384,(I)23(R)2,92.0,0.0,0.0,0.0,8.0,0.0,4.166666666666667,0.0,0.0,0.0,0.0,0.3333333333333333,3.8333333333333335,0.0,[]
171,,Fri Sep 29 19:59:02 EDT 2023,Controller.java,1696031942795,11397,0,(R)2(I)4(R)5(I)12,69.56521739130434,0.0,0.0,0.0,30.434782608695656,0.0,2.090909090909091,0.0,0.0,0.0,0.0,0.6363636363636364,1.4545454545454546,0.0,[]
172,,Fri Sep 29 19:59:14 EDT 2023,AnimalInterface.java,1696031954340,21416,0,(I)21,100.0,0.0,0.0,0.0,0.0,0.0,1.0,0.0,0.0,0.0,0.0,0.0,1.0,0.0,[]
173,,Fri Sep 29 19:59:43 EDT 2023,Controller.java,1696031983367,34266,0,(I)8(R)1(I)1(R)4(I)4,72.22222222222221,0.0,0.0,0.0,27.77777777777778,0.0,0.5294117647058824,0.0,0.0,0.0,0.0,0.14705882352941177,0.38235294117647056,0.0,[]
174,,Fri Sep 29 20:00:19 EDT 2023,Controller.java,1696032019133,8120,8120,(I)3(R)1(I)1(R)1(I)3(R)1(I)11(R)3(I)1,76.0,0.0,0.0,0.0,24.0,0.0,3.125,0.0,0.0,0.0,0.0,0.75,2.375,0.0,[]
175,,Fri Sep 29 20:00:27 EDT 2023,Controller.java,1696032027356,7593,7593,(I)5(R)14(I)3(R)1(I)2,40.0,0.0,0.0,0.0,60.0,0.0,3.5714285714285716,0.0,0.0,0.0,0.0,2.142857142857143,1.4285714285714286,0.0,[]
176,,Fri Sep 29 20:00:35 EDT 2023,Controller.java,1696032035151,15042,0,(I)4(R)1(I)1(R)1(I)4(R)4(I)4(R)3(I)3,64.0,0.0,0.0,0.0,36.0,0.0,1.6666666666666667,0.0,0.0,0.0,0.0,0.6,1.0666666666666667,0.0,[]
177,,Fri Sep 29 20:00:50 EDT 2023,AnimalInterface.java,1696032050454,12491,0,(I)17(R)1(I)4,95.45454545454545,0.0,0.0,0.0,4.545454545454546,0.0,1.8333333333333333,0.0,0.0,0.0,0.0,0.08333333333333333,1.75,0.0,[]
178,,Fri Sep 29 20:01:03 EDT 2023,Animal.java,1696032063029,5201,5201,(I)12(R)1(I)4(R)1(I)1(R)1(I)1,85.71428571428571,0.0,0.0,0.0,14.285714285714285,0.0,4.2,0.0,0.0,0.0,0.0,0.6,3.6,0.0,[]
179,,Fri Sep 29 20:01:08 EDT 2023,Animal.java,1696032068240,11126,0,(I)13(R)2(I)5(R)2(I)2,83.33333333333334,0.0,0.0,0.0,16.666666666666664,0.0,2.1818181818181817,0.0,0.0,0.0,0.0,0.36363636363636365,1.8181818181818181,0.0,[]
180,,Fri Sep 29 20:01:19 EDT 2023,Animal.java,1696032079445,6648,6648,(I)25,100.0,0.0,0.0,0.0,0.0,0.0,4.166666666666667,0.0,0.0,0.0,0.0,0.0,4.166666666666667,0.0,[]
181,,Fri Sep 29 20:01:26 EDT 2023,Animal.java,1696032086242,4579,4579,(I)14(R)3(I)2(R)2(I)4,80.0,0.0,0.0,0.0,20.0,0.0,6.25,0.0,0.0,0.0,0.0,1.25,5.0,0.0,[]
182,,Fri Sep 29 20:01:30 EDT 2023,AnimalImpl.java,1696032090831,4022,4022,(I)14(R)1(I)1(R)1(I)2(R)1(I)1(R)1(I)1(R)1,79.16666666666666,0.0,0.0,0.0,20.833333333333336,0.0,6.0,0.0,0.0,0.0,0.0,1.25,4.75,0.0,[]
183,,Fri Sep 29 20:01:36 EDT 2023,AnimalInterface.java,1696032096059,5168,5168,(I)1(R)1(I)1(R)1(I)5(R)1(I)4(R)3(I)6,73.91304347826086,0.0,0.0,0.0,26.08695652173913,0.0,4.6,0.0,0.0,0.0,0.0,1.2,3.4,0.0,[]
184,,Fri Sep 29 20:01:41 EDT 2023,Controller.java,1696032101381,61189,0,(I)8(F)2(I)2(R)2(I)5(R)2,71.42857142857143,0.0,0.0,9.523809523809524,19.047619047619047,0.0,0.3442622950819672,0.0,0.0,0.03278688524590164,0.0,0.06557377049180328,0.2459016393442623,0.0,[]
185,,Fri Sep 29 20:02:42 EDT 2023,Controller.java,1696032162763,17716,0,(R)2(I)3(R)1(I)1(R)1(I)4(R)2(I)4,66.66666666666666,0.0,0.0,0.0,33.33333333333333,0.0,1.0588235294117647,0.0,0.0,0.0,0.0,0.35294117647058826,0.7058823529411765,0.0,[]
186,,Fri Sep 29 20:03:06 EDT 2023,AnimalImpl.java,1696032186156,119267,0,(I)4(R)1(F)2(I)8(R)1(I)1(R)1(I)3(R)1(I)1,73.91304347826086,0.0,0.0,8.695652173913043,17.391304347826086,0.0,0.19327731092436976,0.0,0.0,0.01680672268907563,0.0,0.03361344537815126,0.14285714285714285,0.0,[]
187,,Fri Sep 29 20:05:06 EDT 2023,AnimalImpl.java,1696032306047,48309,0,(I)9(R)3(I)2(R)3(I)5,72.72727272727273,0.0,0.0,0.0,27.27272727272727,0.0,0.4583333333333333,0.0,0.0,0.0,0.0,0.125,0.3333333333333333,0.0,[]
188,,Fri Sep 29 20:05:54 EDT 2023,AnimalImpl.java,1696032354474,7391,7391,(I)25,100.0,0.0,0.0,0.0,0.0,0.0,3.5714285714285716,0.0,0.0,0.0,0.0,0.0,3.5714285714285716,0.0,[]
189,,Fri Sep 29 20:06:02 EDT 2023,Animal.java,1696032362222,17736,0,(I)4(F)2(I)2(R)1(I)1(R)1(I)13,83.33333333333334,0.0,0.0,8.333333333333332,8.333333333333332,0.0,1.411764705882353,0.0,0.0,0.11764705882352941,0.0,0.11764705882352941,1.1764705882352942,0.0,[]
190,,Fri Sep 29 20:06:20 EDT 2023,Animal.java,1696032380286,27958,0,(I)23,100.0,0.0,0.0,0.0,0.0,0.0,0.8518518518518519,0.0,0.0,0.0,0.0,0.0,0.8518518518518519,0.0,[]
191,,Fri Sep 29 20:06:48 EDT 2023,Rooster.java,1696032408321,9168,9168,(I)22,100.0,0.0,0.0,0.0,0.0,0.0,2.4444444444444446,0.0,0.0,0.0,0.0,0.0,2.4444444444444446,0.0,[]
192,,Fri Sep 29 20:06:57 EDT 2023,AnimalImpl.java,1696032417823,46234,0,(I)14(F)2(I)2,88.88888888888889,0.0,0.0,11.11111111111111,0.0,0.0,0.391304347826087,0.0,0.0,0.043478260869565216,0.0,0.0,0.34782608695652173,0.0,[]
193,,Fri Sep 29 20:07:50 EDT 2023,Animal.java,1696032470914,38041,0,(I)15(R)2(I)4,90.47619047619048,0.0,0.0,0.0,9.523809523809524,0.0,0.5526315789473685,0.0,0.0,0.0,0.0,0.05263157894736842,0.5,0.0,[]
194,,Fri Sep 29 20:08:28 EDT 2023,Animal.java,1696032508961,6140,6140,(I)15(R)8(I)2,68.0,0.0,0.0,0.0,32.0,0.0,4.166666666666667,0.0,0.0,0.0,0.0,1.3333333333333333,2.8333333333333335,0.0,[]
195,,Fri Sep 29 20:08:35 EDT 2023,Animal.java,1696032515267,5566,5566,(I)11(R)2(I)11,91.66666666666666,0.0,0.0,0.0,8.333333333333332,0.0,4.8,0.0,0.0,0.0,0.0,0.4,4.4,0.0,[]
196,,Fri Sep 29 20:08:40 EDT 2023,Animal.java,1696032520913,4640,4640,(I)8(R)10(I)7,60.0,0.0,0.0,0.0,40.0,0.0,6.25,0.0,0.0,0.0,0.0,2.5,3.75,0.0,[]
197,,Fri Sep 29 20:08:45 EDT 2023,Animal.java,1696032525784,4692,4692,(I)4(R)5(I)2(R)3(I)5(R)3(I)3,56.00000000000001,0.0,0.0,0.0,44.0,0.0,6.25,0.0,0.0,0.0,0.0,2.75,3.5,0.0,[]
198,,Fri Sep 29 20:08:50 EDT 2023,Animal.java,1696032530566,6113,6113,(I)2(R)3(I)5(R)2(I)12,79.16666666666666,0.0,0.0,0.0,20.833333333333336,0.0,4.0,0.0,0.0,0.0,0.0,0.8333333333333334,3.1666666666666665,0.0,[]
199,,Fri Sep 29 20:08:57 EDT 2023,AnimalImpl.java,1696032537134,8522,8522,(R)2(I)4(R)1(I)1(R)1(I)1(R)1(I)4(R)1,62.5,0.0,0.0,0.0,37.5,0.0,2.0,0.0,0.0,0.0,0.0,0.75,1.25,0.0,[]
200,,Fri Sep 29 20:09:43 EDT 2023,Controller.java,1696032583276,97053,0,(I)11(R)1(I)2(R)3(I)4,80.95238095238095,0.0,0.0,0.0,19.047619047619047,0.0,0.21649484536082475,0.0,0.0,0.0,0.0,0.041237113402061855,0.17525773195876287,0.0,[]
201,,Fri Sep 29 20:11:31 EDT 2023,Controller.java,1696032691914,39770,0,(F)1(I)2(F)1(I)3(R)1(F)4(I)12,70.83333333333334,0.0,0.0,25.0,4.166666666666666,0.0,0.6153846153846154,0.0,0.0,0.15384615384615385,0.0,0.02564102564102564,0.4358974358974359,0.0,[]
202,,Fri Sep 29 20:12:11 EDT 2023,Controller.java,1696032731851,7129,7129,(I)1(R)3(I)8(R)1(I)3(R)1(I)8,80.0,0.0,0.0,0.0,20.0,0.0,3.5714285714285716,0.0,0.0,0.0,0.0,0.7142857142857143,2.857142857142857,0.0,[]
203,,Fri Sep 29 20:12:18 EDT 2023,Controller.java,1696032738999,6123,6123,(I)1(R)2(I)22,92.0,0.0,0.0,0.0,8.0,0.0,4.166666666666667,0.0,0.0,0.0,0.0,0.3333333333333333,3.8333333333333335,0.0,[]
204,,Fri Sep 29 20:12:25 EDT 2023,Rooster.java,1696032745212,27007,0,(I)21,100.0,0.0,0.0,0.0,0.0,0.0,0.7777777777777778,0.0,0.0,0.0,0.0,0.0,0.7777777777777778,0.0,[]
205,,Fri Sep 29 20:12:52 EDT 2023,Rooster.java,1696032772235,17250,0,(I)9(R)3(I)7(R)1(I)3,82.6086956521739,0.0,0.0,0.0,17.391304347826086,0.0,1.3529411764705883,0.0,0.0,0.0,0.0,0.23529411764705882,1.1176470588235294,0.0,[]
206,,Fri Sep 29 20:13:09 EDT 2023,Controller.java,1696032789577,57421,0,(I)9(R)1(I)1(R)1(I)2(F)2(I)4(R)1,76.19047619047619,0.0,0.0,9.523809523809524,14.285714285714285,0.0,0.3684210526315789,0.0,0.0,0.03508771929824561,0.0,0.05263157894736842,0.2807017543859649,0.0,[]
207,,Fri Sep 29 20:14:07 EDT 2023,Controller.java,1696032847255,44672,0,(R)1(I)2(R)1(I)1(R)1(I)2(R)2(F)1(R)2(I)1(F)1(I)6,57.14285714285714,0.0,0.0,9.523809523809524,33.33333333333333,0.0,0.4772727272727273,0.0,0.0,0.045454545454545456,0.0,0.1590909090909091,0.2727272727272727,0.0,[]
208,,Fri Sep 29 20:14:55 EDT 2023,Controller.java,1696032895759,28097,0,(I)6(R)2(I)9(R)2(I)6,84.0,0.0,0.0,0.0,16.0,0.0,0.8928571428571429,0.0,0.0,0.0,0.0,0.14285714285714285,0.75,0.0,[]
209,,Fri Sep 29 20:15:25 EDT 2023,Controller.java,1696032925074,14582,0,(I)19,100.0,0.0,0.0,0.0,0.0,0.0,1.3571428571428572,0.0,0.0,0.0,0.0,0.0,1.3571428571428572,0.0,[]
210,,Fri Sep 29 20:15:53 EDT 2023,AnimalImpl.java,1696032953460,7723,7723,(I)3(R)3(I)5(R)1(I)2,71.42857142857143,0.0,0.0,0.0,28.57142857142857,0.0,2.0,0.0,0.0,0.0,0.0,0.5714285714285714,1.4285714285714286,0.0,[]
211,,Fri Sep 29 20:16:33 EDT 2023,Animal.java,1696032993178,30788,0,(I)14(R)2(I)6,90.9090909090909,0.0,0.0,0.0,9.090909090909092,0.0,0.7333333333333333,0.0,0.0,0.0,0.0,0.06666666666666667,0.6666666666666666,0.0,[]
212,,Fri Sep 29 20:17:04 EDT 2023,Controller.java,1696033024201,52569,0,(I)20,100.0,0.0,0.0,0.0,0.0,0.0,0.38461538461538464,0.0,0.0,0.0,0.0,0.0,0.38461538461538464,0.0,[]
213,,Fri Sep 29 20:17:57 EDT 2023,Controller.java,1696033077817,27361,0,(I)5(R)3(I)6(R)2(I)7(R)1(I)1,76.0,0.0,0.0,0.0,24.0,0.0,0.9259259259259259,0.0,0.0,0.0,0.0,0.2222222222222222,0.7037037037037037,0.0,[]
214,,Fri Sep 29 20:18:28 EDT 2023,Controller.java,1696033108439,6808,6808,(I)4(R)4(I)17,84.0,0.0,0.0,0.0,16.0,0.0,4.166666666666667,0.0,0.0,0.0,0.0,0.6666666666666666,3.5,0.0,[]
215,,Fri Sep 29 20:18:36 EDT 2023,Controller.java,1696033116011,4189,4189,(I)8(R)8(I)3(R)2(I)2(R)2,52.0,0.0,0.0,0.0,48.0,0.0,6.25,0.0,0.0,0.0,0.0,3.0,3.25,0.0,[]
216,,Fri Sep 29 20:18:40 EDT 2023,Controller.java,1696033120372,8393,8393,(R)1(I)21(R)1,91.30434782608695,0.0,0.0,0.0,8.695652173913043,0.0,2.875,0.0,0.0,0.0,0.0,0.25,2.625,0.0,[]
217,,Fri Sep 29 20:18:48 EDT 2023,Controller.java,1696033128957,12363,0,(R)1(I)4(R)1(I)19,92.0,0.0,0.0,0.0,8.0,0.0,2.0833333333333335,0.0,0.0,0.0,0.0,0.16666666666666666,1.9166666666666667,0.0,[]
218,,Fri Sep 29 20:19:01 EDT 2023,Controller.java,1696033141431,30289,0,(I)16(R)1(I)5,95.45454545454545,0.0,0.0,0.0,4.545454545454546,0.0,0.7333333333333333,0.0,0.0,0.0,0.0,0.03333333333333333,0.7,0.0,[]
219,,Fri Sep 29 20:19:32 EDT 2023,Main.java,1696033172119,19689,0,(I)25,100.0,0.0,0.0,0.0,0.0,0.0,1.3157894736842106,0.0,0.0,0.0,0.0,0.0,1.3157894736842106,0.0,[]
220,,Fri Sep 29 20:19:55 EDT 2023,Main.java,1696033195197,15215,0,(R)1(I)2(R)1(I)3(R)1(I)3(R)2(I)2(D)1,62.5,6.25,0.0,0.0,31.25,0.0,1.0666666666666667,0.0,0.06666666666666667,0.0,0.0,0.3333333333333333,0.6666666666666666,0.0,[]
221,,Fri Sep 29 20:20:03 EDT 2023,Controller.java,1696033203913,125917,0,(D)1(I)9(F)2(I)5(R)1,77.77777777777779,5.555555555555555,0.0,11.11111111111111,5.555555555555555,0.0,0.144,0.0,0.008,0.016,0.0,0.008,0.112,0.0,[]
222,,Fri Sep 29 20:22:11 EDT 2023,Controller.java,1696033331345,22746,0,(R)1(I)6(R)1(I)17,92.0,0.0,0.0,0.0,8.0,0.0,1.1363636363636365,0.0,0.0,0.0,0.0,0.09090909090909091,1.0454545454545454,0.0,[]
223,,Fri Sep 29 20:22:34 EDT 2023,Controller.java,1696033354183,3887,3887,(I)25,100.0,0.0,0.0,0.0,0.0,0.0,8.333333333333334,0.0,0.0,0.0,0.0,0.0,8.333333333333334,0.0,[]
224,,Fri Sep 29 20:22:38 EDT 2023,Controller.java,1696033358747,-8609,-8609,(I)17(R)1(I)2(R)1(I)4,92.0,0.0,0.0,0.0,8.0,0.0,0.0,0.0,0.0,0.0,0.0,null,0.0,0.0,[]
225,,Fri Sep 29 20:22:32 EDT 2023,Controller.java,1696033352544,31225,0,(I)1(R)1(I)1(R)2(I)1(R)1(I)18,84.0,0.0,0.0,0.0,16.0,0.0,0.8064516129032258,0.0,0.0,0.0,0.0,0.12903225806451613,0.6774193548387096,0.0,[]
226,,Fri Sep 29 20:23:03 EDT 2023,Controller.java,1696033383814,15761,0,(I)25,100.0,0.0,0.0,0.0,0.0,0.0,1.6666666666666667,0.0,0.0,0.0,0.0,0.0,1.6666666666666667,0.0,[]
227,,Fri Sep 29 20:23:19 EDT 2023,Controller.java,1696033399757,19365,0,(I)22,100.0,0.0,0.0,0.0,0.0,0.0,1.1578947368421053,0.0,0.0,0.0,0.0,0.0,1.1578947368421053,0.0,[]
228,,Fri Sep 29 20:23:39 EDT 2023,Controller.java,1696033419275,135961,0,(I)2(D)1(F)2(I)3,62.5,12.5,0.0,25.0,0.0,0.0,0.05925925925925926,0.0,0.007407407407407408,0.014814814814814815,0.0,0.0,0.037037037037037035,0.0,[]
229,,Fri Sep 29 20:25:56 EDT 2023,Controller.java,1696033556002,8867,8867,(I)25,100.0,0.0,0.0,0.0,0.0,0.0,3.125,0.0,0.0,0.0,0.0,0.0,3.125,0.0,[]
230,,Fri Sep 29 20:26:05 EDT 2023,Controller.java,1696033565237,9115,9115,(I)7,100.0,0.0,0.0,0.0,0.0,0.0,0.7777777777777778,0.0,0.0,0.0,0.0,0.0,0.7777777777777778,0.0,[]
231,,Fri Sep 29 20:26:16 EDT 2023,Controller.java,1696033576722,8035,8035,(I)1(R)1(I)2(R)4(I)4,58.333333333333336,0.0,0.0,0.0,41.66666666666667,0.0,1.5,0.0,0.0,0.0,0.0,0.625,0.875,0.0,[]
232,,Fri Sep 29 20:26:24 EDT 2023,Controller.java,1696033584998,7136,7136,(I)1(R)1(I)1(R)1(I)2(R)2(I)1(R)1,50.0,0.0,0.0,0.0,50.0,0.0,1.4285714285714286,0.0,0.0,0.0,0.0,0.7142857142857143,0.7142857142857143,0.0,[]
233,,Fri Sep 29 20:26:32 EDT 2023,Controller.java,1696033592387,18280,0,(I)2(R)1(I)11(R)2(I)3,84.21052631578947,0.0,0.0,0.0,15.789473684210526,0.0,1.0555555555555556,0.0,0.0,0.0,0.0,0.16666666666666666,0.8888888888888888,0.0,[]
234,,Fri Sep 29 20:26:52 EDT 2023,Controller.java,1696033612587,10415,0,(I)1(R)2(I)20(R)1(I)1,88.0,0.0,0.0,0.0,12.0,0.0,2.5,0.0,0.0,0.0,0.0,0.3,2.2,0.0,[]
235,,Fri Sep 29 20:27:03 EDT 2023,Controller.java,1696033623207,23256,0,(I)9(F)1(I)1(R)1(I)1(R)1(I)1(F)1(I)5(F)4,68.0,0.0,0.0,24.0,8.0,0.0,1.0869565217391304,0.0,0.0,0.2608695652173913,0.0,0.08695652173913043,0.7391304347826086,0.0,[]
236,,Fri Sep 29 20:27:44 EDT 2023,Controller.java,1696033664759,-23403,-23403,(I)4(R)1(I)2(R)1(I)1(D)1(I)1,72.72727272727273,9.090909090909092,0.0,0.0,18.181818181818183,0.0,0.0,0.0,0.0,0.0,0.0,null,0.0,0.0,[]
237,,Fri Sep 29 20:27:24 EDT 2023,Controller.java,1696033644272,67984,0,(R)1(I)2(R)2(I)18(F)2,80.0,0.0,0.0,8.0,12.0,0.0,0.373134328358209,0.0,0.0,0.029850746268656716,0.0,0.04477611940298507,0.29850746268656714,0.0,[]
238,,Fri Sep 29 20:28:20 EDT 2023,Controller.java,1696033700812,26738,0,(I)4(R)2(I)19,92.0,0.0,0.0,0.0,8.0,0.0,0.9615384615384616,0.0,0.0,0.0,0.0,0.07692307692307693,0.8846153846153846,0.0,[]
239,,Fri Sep 29 20:28:47 EDT 2023,Controller.java,1696033727658,12424,0,(I)8(R)2(I)10(R)4,75.0,0.0,0.0,0.0,25.0,0.0,2.0,0.0,0.0,0.0,0.0,0.5,1.5,0.0,[]
240,,Fri Sep 29 20:29:00 EDT 2023,Controller.java,1696033740312,7281,7281,(I)13(R)2(I)10,92.0,0.0,0.0,0.0,8.0,0.0,3.5714285714285716,0.0,0.0,0.0,0.0,0.2857142857142857,3.2857142857142856,0.0,[]
241,,Fri Sep 29 20:29:07 EDT 2023,Controller.java,1696033747666,5223,5223,(I)15(R)7,68.18181818181817,0.0,0.0,0.0,31.818181818181817,0.0,4.4,0.0,0.0,0.0,0.0,1.4,3.0,0.0,[]
242,,Fri Sep 29 20:29:12 EDT 2023,Controller.java,1696033752936,2868,2868,(I)10,100.0,0.0,0.0,0.0,0.0,0.0,5.0,0.0,0.0,0.0,0.0,0.0,5.0,0.0,[]
243,,Fri Sep 29 20:29:15 EDT 2023,Controller.java,1696033755964,3866,3866,(I)5(R)1(I)1,85.71428571428571,0.0,0.0,0.0,14.285714285714285,0.0,2.3333333333333335,0.0,0.0,0.0,0.0,0.3333333333333333,2.0,0.0,[]
244,,Fri Sep 29 20:29:21 EDT 2023,Controller.java,1696033761376,-10,-10,(I)3(D)1(I)1,80.0,20.0,0.0,0.0,0.0,0.0,0.0,0.0,0.0,0.0,0.0,null,0.0,0.0,[]
245,,Fri Sep 29 20:29:25 EDT 2023,Controller.java,1696033765887,73319,0,(I)20(R)1(I)2,95.65217391304348,0.0,0.0,0.0,4.3478260869565215,0.0,0.3150684931506849,0.0,0.0,0.0,0.0,0.0136986301369863,0.3013698630136986,0.0,[]
246,,Fri Sep 29 20:30:39 EDT 2023,Animal.java,1696033839347,36697,0,(I)1(R)1(I)5(R)3(I)3(R)1(I)3(R)1(I)1,68.42105263157895,0.0,0.0,0.0,31.57894736842105,0.0,0.5277777777777778,0.0,0.0,0.0,0.0,0.16666666666666666,0.3611111111111111,0.0,[]
247,,Fri Sep 29 20:31:17 EDT 2023,Rooster.java,1696033877727,26206,0,(I)12(R)3(I)8,86.95652173913044,0.0,0.0,0.0,13.043478260869565,0.0,0.8846153846153846,0.0,0.0,0.0,0.0,0.11538461538461539,0.7692307692307693,0.0,[]
248,,Fri Sep 29 20:31:44 EDT 2023,Rooster.java,1696033904698,40589,0,(I)1(D)1,50.0,50.0,0.0,0.0,0.0,0.0,0.05,0.0,0.025,0.0,0.0,0.0,0.025,0.0,[]
249,,Fri Sep 29 20:32:26 EDT 2023,Controller.java,1696033946300,16006,0,(I)2(R)1(I)2,80.0,0.0,0.0,0.0,20.0,0.0,0.3125,0.0,0.0,0.0,0.0,0.0625,0.25,0.0,[]
250,,Fri Sep 29 20:32:47 EDT 2023,Rooster.java,1696033967893,44264,0,(I)21,100.0,0.0,0.0,0.0,0.0,0.0,0.4772727272727273,0.0,0.0,0.0,0.0,0.0,0.4772727272727273,0.0,[]
251,,Fri Sep 29 20:33:32 EDT 2023,Controller.java,1696034012162,76655,0,(F)2(I)6(R)1(I)6(D)1,75.0,6.25,0.0,12.5,6.25,0.0,0.21052631578947367,0.0,0.013157894736842105,0.02631578947368421,0.0,0.013157894736842105,0.15789473684210525,0.0,[]
252,,Fri Sep 29 20:34:50 EDT 2023,Controller.java,1696034090987,21242,0,(D)1(I)1(D)3,20.0,80.0,0.0,0.0,0.0,0.0,0.23809523809523808,0.0,0.19047619047619047,0.0,0.0,0.0,0.047619047619047616,0.0,[]
253,,Fri Sep 29 20:35:13 EDT 2023,Controller.java,1696034113230,98730,0,(R)1(I)8(F)2(I)2,76.92307692307693,0.0,0.0,15.384615384615385,7.6923076923076925,0.0,0.1326530612244898,0.0,0.0,0.02040816326530612,0.0,0.01020408163265306,0.10204081632653061,0.0,[]
254,,Fri Sep 29 20:36:52 EDT 2023,Controller.java,1696034212366,27213,0,(I)1(F)2(I)16(R)2(I)3,83.33333333333334,0.0,0.0,8.333333333333332,8.333333333333332,0.0,0.8888888888888888,0.0,0.0,0.07407407407407407,0.0,0.07407407407407407,0.7407407407407407,0.0,[]
255,,Fri Sep 29 20:37:19 EDT 2023,Controller.java,1696034239671,12932,0,(I)1(R)3(I)9(R)1(I)1(R)3(I)5(R)2,64.0,0.0,0.0,0.0,36.0,0.0,2.0833333333333335,0.0,0.0,0.0,0.0,0.75,1.3333333333333333,0.0,[]
256,,Fri Sep 29 20:37:32 EDT 2023,Controller.java,1696034252772,653,653,(R)1(I)2(R)2(I)3(R)1(I)2(R)1(I)2(R)1(I)3(R)2(I)1(R)1,59.09090909090909,0.0,0.0,0.0,40.909090909090914,0.0,0.0,0.0,0.0,0.0,0.0,null,0.0,0.0,[]
257,,Fri Sep 29 20:37:33 EDT 2023,Controller.java,1696034253813,19773,0,(I)1(R)1(I)12(R)5(I)5,75.0,0.0,0.0,0.0,25.0,0.0,1.263157894736842,0.0,0.0,0.0,0.0,0.3157894736842105,0.9473684210526315,0.0,[]
258,,Fri Sep 29 20:37:53 EDT 2023,Controller.java,1696034273666,12238,0,(I)20(R)1(I)3,95.83333333333334,0.0,0.0,0.0,4.166666666666666,0.0,2.0,0.0,0.0,0.0,0.0,0.08333333333333333,1.9166666666666667,0.0,[]
259,,Fri Sep 29 20:38:06 EDT 2023,Controller.java,1696034286791,11924,0,(I)1(R)17(D)1,5.263157894736842,5.263157894736842,0.0,0.0,89.47368421052632,0.0,1.7272727272727273,0.0,0.09090909090909091,0.0,0.0,1.5454545454545454,0.09090909090909091,0.0,[]
260,,Fri Sep 29 20:38:20 EDT 2023,Controller.java,1696034300701,135975,0,(D)1(I)1(F)1(R)2(F)1(I)1(R)2(I)4,46.15384615384615,7.6923076923076925,0.0,15.384615384615385,30.76923076923077,0.0,0.0962962962962963,0.0,0.007407407407407408,0.014814814814814815,0.0,0.02962962962962963,0.044444444444444446,2.0,[1696034388349 2 how to carriage return in eclipse - Google Search https://www.google.com/search?q=how+to+carriage+return+in+eclipse&oq=how+to+carriage+return+in+eclipse&gs_lcrp=EgZjaHJvbWUyBggAEEUYOTIICAEQABgWGB4yCggCEAAYhgMYigXSAQkxMjU1N2owajmoAgCwAgA&sourceid=chrome&ie=UTF-8, 1696034397192 1 Eclipse Community Forums: Newcomers » Carriage return on eclipse console https://www.eclipse.org/forums/index.php/t/87512/]
261,,Fri Sep 29 20:40:36 EDT 2023,Controller.java,1696034436937,-3,-3,(I)1(R)1(I)1,66.66666666666666,0.0,0.0,0.0,33.33333333333333,0.0,0.0,0.0,0.0,0.0,0.0,null,0.0,0.0,[]
262,,Fri Sep 29 20:40:36 EDT 2023,Controller.java,1696034436962,1409,1409,(I)3(R)3(I)1(R)1(I)1(R)1(I)1(R)1(I)3(R)1(I)1(R)1(I)2(R)1,57.14285714285714,0.0,0.0,0.0,42.857142857142854,0.0,21.0,0.0,0.0,0.0,0.0,9.0,12.0,0.0,[]
263,,Fri Sep 29 20:40:38 EDT 2023,Controller.java,1696034438402,37942,0,(I)5(D)1,83.33333333333334,16.666666666666664,0.0,0.0,0.0,0.0,0.16216216216216217,0.0,0.02702702702702703,0.0,0.0,0.0,0.13513513513513514,0.0,[]
264,,Fri Sep 29 20:41:17 EDT 2023,Controller.java,1696034477331,19576,0,(I)1(R)1(I)1(R)1(I)1(R)2(I)1(D)1,44.44444444444444,11.11111111111111,0.0,0.0,44.44444444444444,0.0,0.47368421052631576,0.0,0.05263157894736842,0.0,0.0,0.21052631578947367,0.21052631578947367,0.0,[]
265,,Fri Sep 29 20:41:36 EDT 2023,Controller.java,1696034496911,46202,0,(D)1(R)1(I)8(R)4(I)1,60.0,6.666666666666667,0.0,0.0,33.33333333333333,0.0,0.32608695652173914,0.0,0.021739130434782608,0.0,0.0,0.10869565217391304,0.1956521739130435,0.0,[]
266,,Fri Sep 29 20:42:23 EDT 2023,Controller.java,1696034543396,10560,0,(I)2(R)4(I)3(R)1(I)1(R)1(I)1(R)1(I)1,53.333333333333336,0.0,0.0,0.0,46.666666666666664,0.0,1.5,0.0,0.0,0.0,0.0,0.7,0.8,0.0,[]
267,,Fri Sep 29 20:42:34 EDT 2023,Controller.java,1696034554512,75560,0,(I)13(R)2,86.66666666666667,0.0,0.0,0.0,13.333333333333334,0.0,0.2,0.0,0.0,0.0,0.0,0.02666666666666667,0.17333333333333334,0.0,[]
268,,Fri Sep 29 20:43:50 EDT 2023,Controller.java,1696034630802,27562,0,(I)1(D)1(R)1(I)4(R)3,50.0,10.0,0.0,0.0,40.0,0.0,0.37037037037037035,0.0,0.037037037037037035,0.0,0.0,0.14814814814814814,0.18518518518518517,0.0,[]
269,,Fri Sep 29 20:44:19 EDT 2023,Controller.java,1696034659094,20194,0,(I)3(R)3(I)5(R)1(I)1(R)1(I)7,76.19047619047619,0.0,0.0,0.0,23.809523809523807,0.0,1.05,0.0,0.0,0.0,0.0,0.25,0.8,0.0,[]
270,,Fri Sep 29 20:44:40 EDT 2023,Controller.java,1696034680355,13433,0,(I)13(D)1,92.85714285714286,7.142857142857142,0.0,0.0,0.0,0.0,1.0769230769230769,0.0,0.07692307692307693,0.0,0.0,0.0,1.0,0.0,[]
271,,Fri Sep 29 20:44:53 EDT 2023,Controller.java,1696034693792,55472,0,(I)11,100.0,0.0,0.0,0.0,0.0,0.0,0.2,0.0,0.0,0.0,0.0,0.0,0.2,0.0,[]
272,,Fri Sep 29 20:45:51 EDT 2023,Controller.java,1696034751297,23528,0,(D)1(I)1(R)2(I)5,66.66666666666666,11.11111111111111,0.0,0.0,22.22222222222222,0.0,0.391304347826087,0.0,0.043478260869565216,0.0,0.0,0.08695652173913043,0.2608695652173913,0.0,[]
273,,Fri Sep 29 20:46:19 EDT 2023,Controller.java,1696034779862,9655,9655,(I)11(R)3(I)5(R)4(I)2,72.0,0.0,0.0,0.0,28.000000000000004,0.0,2.7777777777777777,0.0,0.0,0.0,0.0,0.7777777777777778,2.0,0.0,[]
274,,Fri Sep 29 20:46:29 EDT 2023,Controller.java,1696034789596,3637,3637,(I)13(R)11,54.166666666666664,0.0,0.0,0.0,45.83333333333333,0.0,8.0,0.0,0.0,0.0,0.0,3.6666666666666665,4.333333333333333,0.0,[]
275,,Fri Sep 29 20:46:33 EDT 2023,AnimalImpl.java,1696034793263,7388,7388,(R)23,0.0,0.0,0.0,0.0,100.0,0.0,3.2857142857142856,0.0,0.0,0.0,0.0,3.2857142857142856,0.0,0.0,[]
276,,Fri Sep 29 20:46:40 EDT 2023,Controller.java,1696034800658,38412,0,(I)17,100.0,0.0,0.0,0.0,0.0,0.0,0.4473684210526316,0.0,0.0,0.0,0.0,0.0,0.4473684210526316,0.0,[]
277,,Fri Sep 29 20:47:19 EDT 2023,Controller.java,1696034839163,5953,5953,(I)2(R)4(I)3(R)1(I)10(R)1(I)2(R)1(I)1,72.0,0.0,0.0,0.0,28.000000000000004,0.0,5.0,0.0,0.0,0.0,0.0,1.4,3.6,0.0,[]
278,,Fri Sep 29 20:47:25 EDT 2023,Controller.java,1696034845451,8994,8994,(I)15(R)4(I)5,83.33333333333334,0.0,0.0,0.0,16.666666666666664,0.0,3.0,0.0,0.0,0.0,0.0,0.5,2.5,0.0,[]
279,,Fri Sep 29 20:47:34 EDT 2023,Controller.java,1696034854785,4804,4804,(R)1(I)11(R)1(I)1(R)1(I)10,88.0,0.0,0.0,0.0,12.0,0.0,6.25,0.0,0.0,0.0,0.0,0.75,5.5,0.0,[]
280,,Fri Sep 29 20:47:39 EDT 2023,Controller.java,1696034859998,1982,1982,(R)1(I)3(R)1(I)1(R)1(I)4(R)1(I)1(R)1(I)1(R)1(I)1(R)1(I)1(R)1(I)3(R)2,60.0,0.0,0.0,0.0,40.0,0.0,25.0,0.0,0.0,0.0,0.0,10.0,15.0,0.0,[]
281,,Fri Sep 29 20:47:42 EDT 2023,Controller.java,1696034862240,6399,6399,(R)4(I)16(R)2(I)3,76.0,0.0,0.0,0.0,24.0,0.0,4.166666666666667,0.0,0.0,0.0,0.0,1.0,3.1666666666666665,0.0,[]
282,,Fri Sep 29 20:47:51 EDT 2023,Controller.java,1696034871760,11401,0,(I)1(R)1(I)2(R)1(I)1(R)1(I)15,86.36363636363636,0.0,0.0,0.0,13.636363636363635,0.0,2.0,0.0,0.0,0.0,0.0,0.2727272727272727,1.7272727272727273,0.0,[]
283,,Fri Sep 29 20:48:03 EDT 2023,Controller.java,1696034883309,12006,0,(D)1,0.0,100.0,0.0,0.0,0.0,0.0,0.08333333333333333,0.0,0.08333333333333333,0.0,0.0,0.0,0.0,0.0,[]
284,,Fri Sep 29 20:48:15 EDT 2023,Main.java,1696034895722,62964,0,(I)1(R)1(I)7,88.88888888888889,0.0,0.0,0.0,11.11111111111111,0.0,0.14516129032258066,0.0,0.0,0.0,0.0,0.016129032258064516,0.12903225806451613,0.0,[]
285,,Fri Sep 29 20:49:18 EDT 2023,SoundListener.java,1696034958746,79826,0,(I)4(R)3(I)6(F)2(D)1,62.5,6.25,0.0,12.5,18.75,0.0,0.20253164556962025,0.0,0.012658227848101266,0.02531645569620253,0.0,0.0379746835443038,0.12658227848101267,0.0,[]
286,,Wed Dec 31 19:00:00 EST 1969,SoundListener.java,0,-1,0,,0.0,0.0,0.0,0.0,0.0,0.0,0.0,0.0,0.0,0.0,0.0,null,0.0,0.0,[]
287,,Fri Sep 29 20:50:53 EDT 2023,SoundListener.java,1696035053592,42519,0,(I)1(F)1(R)1(I)2(R)1(F)1(R)1(I)5,61.53846153846154,0.0,0.0,15.384615384615385,23.076923076923077,0.0,0.30952380952380953,0.0,0.0,0.047619047619047616,0.0,0.07142857142857142,0.19047619047619047,0.0,[]
288,,Fri Sep 29 20:51:38 EDT 2023,Controller.java,1696035098063,77679,0,(F)2(I)4(F)2(I)6(R)2(I)5(R)1,68.18181818181817,0.0,0.0,18.181818181818183,13.636363636363635,0.0,0.2857142857142857,0.0,0.0,0.05194805194805195,0.0,0.03896103896103896,0.19480519480519481,0.0,[]
289,,Fri Sep 29 20:52:56 EDT 2023,Controller.java,1696035176059,20774,0,(R)1(I)3(F)2(D)1,42.857142857142854,14.285714285714285,0.0,28.57142857142857,14.285714285714285,0.0,0.35,0.0,0.05,0.1,0.0,0.05,0.15,0.0,[]
290,,Fri Sep 29 20:53:28 EDT 2023,Controller.java,1696035208496,53644,0,(I)1(F)2(I)16(R)4(I)1,75.0,0.0,0.0,8.333333333333332,16.666666666666664,0.0,0.4528301886792453,0.0,0.0,0.03773584905660377,0.0,0.07547169811320754,0.33962264150943394,0.0,[]
291,,Fri Sep 29 20:54:22 EDT 2023,Controller.java,1696035262211,24859,0,(I)5(R)2(I)4(R)2(I)1(R)1(I)1(R)1(I)4,71.42857142857143,0.0,0.0,0.0,28.57142857142857,0.0,0.875,0.0,0.0,0.0,0.0,0.25,0.625,0.0,[]
292,,Fri Sep 29 20:54:51 EDT 2023,Controller.java,1696035291035,30176,0,(D)1(I)1(R)2(D)1,20.0,40.0,0.0,0.0,40.0,0.0,0.16666666666666666,0.0,0.06666666666666667,0.0,0.0,0.06666666666666667,0.03333333333333333,0.0,[]
293,,Fri Sep 29 20:55:22 EDT 2023,Controller.java,1696035322016,34108,0,(I)3(R)1(I)3(R)1(D)1(F)2,54.54545454545454,9.090909090909092,0.0,18.181818181818183,18.181818181818183,0.0,0.3235294117647059,0.0,0.029411764705882353,0.058823529411764705,0.0,0.058823529411764705,0.17647058823529413,0.0,[]
